sprintNumber,sprintTitle,phase,primaryGoal,sprintType,primaryQualityDimension,status,notes
61,Roadmap Rebase Foundation Complete to Product Build Phase 2,Phase 2 Product Depth Expansion,Rebase roadmap to continue product build instead of paid or private beta expansion,Platform Foundation,Execution clarity,done,Governance documentation sprint no runtime behavior changes
62,Child Profile and Age Setup v1,Phase 2 Product Depth Expansion,Improve depth trust and repeat ritual quality,Product Experience,Execution clarity,not_started,Planned backlog sprint
63,Story Library Browse v1,Phase 2 Product Depth Expansion,Improve depth trust and repeat ritual quality,Product Experience,Execution clarity,not_started,Planned backlog sprint
64,World Selection and Journey Map v1,Phase 2 Product Depth Expansion,Improve depth trust and repeat ritual quality,Product Experience,Execution clarity,not_started,Planned backlog sprint
65,Story Detail Upgrade v1,Phase 2 Product Depth Expansion,Improve depth trust and repeat ritual quality,Product Experience,Execution clarity,not_started,Planned backlog sprint
66,Ritual Flow Polish v3,Phase 2 Product Depth Expansion,Improve depth trust and repeat ritual quality,Product Experience,Execution clarity,not_started,Planned backlog sprint
67,Completion Celebration Upgrade v2,Phase 2 Product Depth Expansion,Improve depth trust and repeat ritual quality,Product Experience,Execution clarity,not_started,Planned backlog sprint
68,My Treasures Depth v3,Phase 2 Product Depth Expansion,Improve depth trust and repeat ritual quality,Product Experience,Execution clarity,not_started,Planned backlog sprint
69,Values Garden Depth v2,Phase 2 Product Depth Expansion,Improve depth trust and repeat ritual quality,Product Experience,Execution clarity,not_started,Planned backlog sprint
70,Parent Controls v1,Phase 2 Product Depth Expansion,Improve depth trust and repeat ritual quality,Product Experience,Execution clarity,not_started,Planned backlog sprint
71,Parent Journey Settings v1,Phase 2 Product Depth Expansion,Improve depth trust and repeat ritual quality,Product Experience,Execution clarity,not_started,Planned backlog sprint
72,Content Pack Architecture v2,Phase 2 Product Depth Expansion,Improve depth trust and repeat ritual quality,Product Experience,Execution clarity,not_started,Planned backlog sprint
73,Krishna Story Pack Expansion Planning,Phase 2 Product Depth Expansion,Improve depth trust and repeat ritual quality,Product Experience,Execution clarity,not_started,Planned backlog sprint
74,Ganesha World Architecture v1,Phase 2 Product Depth Expansion,Improve depth trust and repeat ritual quality,Product Experience,Execution clarity,not_started,Planned backlog sprint
75,Ganesha Story Pack v1,Phase 2 Product Depth Expansion,Improve depth trust and repeat ritual quality,Product Experience,Execution clarity,not_started,Planned backlog sprint
76,Hanuman World Architecture v1,Phase 2 Product Depth Expansion,Improve depth trust and repeat ritual quality,Product Experience,Execution clarity,not_started,Planned backlog sprint
77,Hanuman Story Pack v1,Phase 2 Product Depth Expansion,Improve depth trust and repeat ritual quality,Product Experience,Execution clarity,not_started,Planned backlog sprint
78,Festival Box Digital Experience v1,Phase 2 Product Depth Expansion,Improve depth trust and repeat ritual quality,Product Experience,Execution clarity,not_started,Planned backlog sprint
79,Bedtime Journey Expansion v1,Phase 2 Product Depth Expansion,Improve depth trust and repeat ritual quality,Product Experience,Execution clarity,not_started,Planned backlog sprint
80,Morning Ritual Experience v1,Phase 2 Product Depth Expansion,Improve depth trust and repeat ritual quality,Product Experience,Execution clarity,not_started,Planned backlog sprint
81,Illustration System Direction v1,Phase 2 Product Depth Expansion,Improve depth trust and repeat ritual quality,Product Experience,Execution clarity,not_started,Planned backlog sprint
82,Character or IP System v1,Phase 2 Product Depth Expansion,Improve depth trust and repeat ritual quality,Product Experience,Execution clarity,not_started,Planned backlog sprint
83,Parent Weekly Summary v1,Phase 2 Product Depth Expansion,Improve depth trust and repeat ritual quality,Product Experience,Execution clarity,not_started,Planned backlog sprint
84,Offline Local Content Hardening v1,Phase 2 Product Depth Expansion,Improve depth trust and repeat ritual quality,Product Experience,Execution clarity,not_started,Planned backlog sprint
85,Manual iPhone QA Evidence Pass 1,Phase 2 Product Depth Expansion,Improve depth trust and repeat ritual quality,Product Experience,Execution clarity,not_started,Planned backlog sprint
86,Navigation Polish and Route Audit v1,Phase 2 Product Depth Expansion,Improve depth trust and repeat ritual quality,Product Experience,Execution clarity,not_started,Planned backlog sprint
87,Copy Tone and Parent Trust Polish v1,Phase 2 Product Depth Expansion,Improve depth trust and repeat ritual quality,Product Experience,Execution clarity,not_started,Planned backlog sprint
88,Accessibility Manual QA Evidence Pack v1,Phase 2 Product Depth Expansion,Improve depth trust and repeat ritual quality,Product Experience,Execution clarity,not_started,Planned backlog sprint
89,App Performance and Responsiveness Audit v1,Phase 2 Product Depth Expansion,Improve depth trust and repeat ritual quality,Product Experience,Execution clarity,not_started,Planned backlog sprint
90,Product Depth Gate Review,Phase 2 Product Depth Expansion,Improve depth trust and repeat ritual quality,Product Experience,Execution clarity,not_started,Planned backlog sprint
91,Content and Parent Utility Expansion Sprint 91,Phase 3 Content and Parent Utility Expansion,Improve depth trust and repeat ritual quality,Product Experience,Execution clarity,not_started,Planned backlog sprint
92,Content and Parent Utility Expansion Sprint 92,Phase 3 Content and Parent Utility Expansion,Improve depth trust and repeat ritual quality,Product Experience,Execution clarity,not_started,Planned backlog sprint
93,Content and Parent Utility Expansion Sprint 93,Phase 3 Content and Parent Utility Expansion,Improve depth trust and repeat ritual quality,Product Experience,Execution clarity,not_started,Planned backlog sprint
94,Content and Parent Utility Expansion Sprint 94,Phase 3 Content and Parent Utility Expansion,Improve depth trust and repeat ritual quality,Product Experience,Execution clarity,not_started,Planned backlog sprint
95,Content and Parent Utility Expansion Sprint 95,Phase 3 Content and Parent Utility Expansion,Improve depth trust and repeat ritual quality,Product Experience,Execution clarity,not_started,Planned backlog sprint
96,Content and Parent Utility Expansion Sprint 96,Phase 3 Content and Parent Utility Expansion,Improve depth trust and repeat ritual quality,Product Experience,Execution clarity,not_started,Planned backlog sprint
97,Content and Parent Utility Expansion Sprint 97,Phase 3 Content and Parent Utility Expansion,Improve depth trust and repeat ritual quality,Product Experience,Execution clarity,not_started,Planned backlog sprint
98,Content and Parent Utility Expansion Sprint 98,Phase 3 Content and Parent Utility Expansion,Improve depth trust and repeat ritual quality,Product Experience,Execution clarity,not_started,Planned backlog sprint
99,Content and Parent Utility Expansion Sprint 99,Phase 3 Content and Parent Utility Expansion,Improve depth trust and repeat ritual quality,Product Experience,Execution clarity,not_started,Planned backlog sprint
100,Content and Parent Utility Expansion Sprint 100,Phase 3 Content and Parent Utility Expansion,Improve depth trust and repeat ritual quality,Product Experience,Execution clarity,not_started,Planned backlog sprint
101,Content and Parent Utility Expansion Sprint 101,Phase 3 Content and Parent Utility Expansion,Improve depth trust and repeat ritual quality,Product Experience,Execution clarity,not_started,Planned backlog sprint
102,Content and Parent Utility Expansion Sprint 102,Phase 3 Content and Parent Utility Expansion,Improve depth trust and repeat ritual quality,Product Experience,Execution clarity,not_started,Planned backlog sprint
103,Content and Parent Utility Expansion Sprint 103,Phase 3 Content and Parent Utility Expansion,Improve depth trust and repeat ritual quality,Product Experience,Execution clarity,not_started,Planned backlog sprint
104,Content and Parent Utility Expansion Sprint 104,Phase 3 Content and Parent Utility Expansion,Improve depth trust and repeat ritual quality,Product Experience,Execution clarity,not_started,Planned backlog sprint
105,Content and Parent Utility Expansion Sprint 105,Phase 3 Content and Parent Utility Expansion,Improve depth trust and repeat ritual quality,Product Experience,Execution clarity,not_started,Planned backlog sprint
106,Content and Parent Utility Expansion Sprint 106,Phase 3 Content and Parent Utility Expansion,Improve depth trust and repeat ritual quality,Product Experience,Execution clarity,not_started,Planned backlog sprint
107,Content and Parent Utility Expansion Sprint 107,Phase 3 Content and Parent Utility Expansion,Improve depth trust and repeat ritual quality,Product Experience,Execution clarity,not_started,Planned backlog sprint
108,Content and Parent Utility Expansion Sprint 108,Phase 3 Content and Parent Utility Expansion,Improve depth trust and repeat ritual quality,Product Experience,Execution clarity,not_started,Planned backlog sprint
109,Content and Parent Utility Expansion Sprint 109,Phase 3 Content and Parent Utility Expansion,Improve depth trust and repeat ritual quality,Product Experience,Execution clarity,not_started,Planned backlog sprint
110,Content and Parent Utility Expansion Sprint 110,Phase 3 Content and Parent Utility Expansion,Improve depth trust and repeat ritual quality,Product Experience,Execution clarity,not_started,Planned backlog sprint
111,Content and Parent Utility Expansion Sprint 111,Phase 3 Content and Parent Utility Expansion,Improve depth trust and repeat ritual quality,Product Experience,Execution clarity,not_started,Planned backlog sprint
112,Content and Parent Utility Expansion Sprint 112,Phase 3 Content and Parent Utility Expansion,Improve depth trust and repeat ritual quality,Product Experience,Execution clarity,not_started,Planned backlog sprint
113,Content and Parent Utility Expansion Sprint 113,Phase 3 Content and Parent Utility Expansion,Improve depth trust and repeat ritual quality,Product Experience,Execution clarity,not_started,Planned backlog sprint
114,Content and Parent Utility Expansion Sprint 114,Phase 3 Content and Parent Utility Expansion,Improve depth trust and repeat ritual quality,Product Experience,Execution clarity,not_started,Planned backlog sprint
115,Content and Parent Utility Expansion Sprint 115,Phase 3 Content and Parent Utility Expansion,Improve depth trust and repeat ritual quality,Product Experience,Execution clarity,not_started,Planned backlog sprint
116,Content and Parent Utility Expansion Sprint 116,Phase 3 Content and Parent Utility Expansion,Improve depth trust and repeat ritual quality,Product Experience,Execution clarity,not_started,Planned backlog sprint
117,Content and Parent Utility Expansion Sprint 117,Phase 3 Content and Parent Utility Expansion,Improve depth trust and repeat ritual quality,Product Experience,Execution clarity,not_started,Planned backlog sprint
118,Content and Parent Utility Expansion Sprint 118,Phase 3 Content and Parent Utility Expansion,Improve depth trust and repeat ritual quality,Product Experience,Execution clarity,not_started,Planned backlog sprint
119,Content and Parent Utility Expansion Sprint 119,Phase 3 Content and Parent Utility Expansion,Improve depth trust and repeat ritual quality,Product Experience,Execution clarity,not_started,Planned backlog sprint
120,Content and Parent Utility Expansion Sprint 120,Phase 3 Content and Parent Utility Expansion,Improve depth trust and repeat ritual quality,Product Experience,Execution clarity,not_started,Planned backlog sprint
121,Distribution Ready Product Build Sprint 121,Phase 4 Distribution Ready Product Build,Improve depth trust and repeat ritual quality,Product Experience,Execution clarity,not_started,Planned backlog sprint
122,Distribution Ready Product Build Sprint 122,Phase 4 Distribution Ready Product Build,Improve depth trust and repeat ritual quality,Product Experience,Execution clarity,not_started,Planned backlog sprint
123,Distribution Ready Product Build Sprint 123,Phase 4 Distribution Ready Product Build,Improve depth trust and repeat ritual quality,Product Experience,Execution clarity,not_started,Planned backlog sprint
124,Distribution Ready Product Build Sprint 124,Phase 4 Distribution Ready Product Build,Improve depth trust and repeat ritual quality,Product Experience,Execution clarity,not_started,Planned backlog sprint
125,Distribution Ready Product Build Sprint 125,Phase 4 Distribution Ready Product Build,Improve depth trust and repeat ritual quality,Product Experience,Execution clarity,not_started,Planned backlog sprint
126,Distribution Ready Product Build Sprint 126,Phase 4 Distribution Ready Product Build,Improve depth trust and repeat ritual quality,Product Experience,Execution clarity,not_started,Planned backlog sprint
127,Distribution Ready Product Build Sprint 127,Phase 4 Distribution Ready Product Build,Improve depth trust and repeat ritual quality,Product Experience,Execution clarity,not_started,Planned backlog sprint
128,Distribution Ready Product Build Sprint 128,Phase 4 Distribution Ready Product Build,Improve depth trust and repeat ritual quality,Product Experience,Execution clarity,not_started,Planned backlog sprint
129,Distribution Ready Product Build Sprint 129,Phase 4 Distribution Ready Product Build,Improve depth trust and repeat ritual quality,Product Experience,Execution clarity,not_started,Planned backlog sprint
130,Distribution Ready Product Build Sprint 130,Phase 4 Distribution Ready Product Build,Improve depth trust and repeat ritual quality,Product Experience,Execution clarity,not_started,Planned backlog sprint
131,Distribution Ready Product Build Sprint 131,Phase 4 Distribution Ready Product Build,Improve depth trust and repeat ritual quality,Product Experience,Execution clarity,not_started,Planned backlog sprint
132,Distribution Ready Product Build Sprint 132,Phase 4 Distribution Ready Product Build,Improve depth trust and repeat ritual quality,Product Experience,Execution clarity,not_started,Planned backlog sprint
133,Distribution Ready Product Build Sprint 133,Phase 4 Distribution Ready Product Build,Improve depth trust and repeat ritual quality,Product Experience,Execution clarity,not_started,Planned backlog sprint
134,Distribution Ready Product Build Sprint 134,Phase 4 Distribution Ready Product Build,Improve depth trust and repeat ritual quality,Product Experience,Execution clarity,not_started,Planned backlog sprint
135,Distribution Ready Product Build Sprint 135,Phase 4 Distribution Ready Product Build,Improve depth trust and repeat ritual quality,Product Experience,Execution clarity,not_started,Planned backlog sprint
136,Distribution Ready Product Build Sprint 136,Phase 4 Distribution Ready Product Build,Improve depth trust and repeat ritual quality,Product Experience,Execution clarity,not_started,Planned backlog sprint
137,Distribution Ready Product Build Sprint 137,Phase 4 Distribution Ready Product Build,Improve depth trust and repeat ritual quality,Product Experience,Execution clarity,not_started,Planned backlog sprint
138,Distribution Ready Product Build Sprint 138,Phase 4 Distribution Ready Product Build,Improve depth trust and repeat ritual quality,Product Experience,Execution clarity,not_started,Planned backlog sprint
139,Distribution Ready Product Build Sprint 139,Phase 4 Distribution Ready Product Build,Improve depth trust and repeat ritual quality,Product Experience,Execution clarity,not_started,Planned backlog sprint
140,Distribution Ready Product Build Sprint 140,Phase 4 Distribution Ready Product Build,Improve depth trust and repeat ritual quality,Product Experience,Execution clarity,not_started,Planned backlog sprint
141,Distribution Ready Product Build Sprint 141,Phase 4 Distribution Ready Product Build,Improve depth trust and repeat ritual quality,Product Experience,Execution clarity,not_started,Planned backlog sprint
142,Distribution Ready Product Build Sprint 142,Phase 4 Distribution Ready Product Build,Improve depth trust and repeat ritual quality,Product Experience,Execution clarity,not_started,Planned backlog sprint
143,Distribution Ready Product Build Sprint 143,Phase 4 Distribution Ready Product Build,Improve depth trust and repeat ritual quality,Product Experience,Execution clarity,not_started,Planned backlog sprint
144,Distribution Ready Product Build Sprint 144,Phase 4 Distribution Ready Product Build,Improve depth trust and repeat ritual quality,Product Experience,Execution clarity,not_started,Planned backlog sprint
145,Distribution Ready Product Build Sprint 145,Phase 4 Distribution Ready Product Build,Improve depth trust and repeat ritual quality,Product Experience,Execution clarity,not_started,Planned backlog sprint
146,Distribution Ready Product Build Sprint 146,Phase 4 Distribution Ready Product Build,Improve depth trust and repeat ritual quality,Product Experience,Execution clarity,not_started,Planned backlog sprint
147,Distribution Ready Product Build Sprint 147,Phase 4 Distribution Ready Product Build,Improve depth trust and repeat ritual quality,Product Experience,Execution clarity,not_started,Planned backlog sprint
148,Distribution Ready Product Build Sprint 148,Phase 4 Distribution Ready Product Build,Improve depth trust and repeat ritual quality,Product Experience,Execution clarity,not_started,Planned backlog sprint
149,Distribution Ready Product Build Sprint 149,Phase 4 Distribution Ready Product Build,Improve depth trust and repeat ritual quality,Product Experience,Execution clarity,not_started,Planned backlog sprint
150,Distribution Ready Product Build Sprint 150,Phase 4 Distribution Ready Product Build,Improve depth trust and repeat ritual quality,Product Experience,Execution clarity,not_started,Planned backlog sprint
