screen_id,tier,usage,future_only
001,Primary Prototype / Visual Soul,primary visual north star,false
002,Primary Prototype / Visual Soul,primary visual north star,false
003,Primary Prototype / Visual Soul,primary visual north star,false
004,Primary Prototype / Visual Soul,primary visual north star,false
005,Primary Prototype / Visual Soul,primary visual north star,false
006,Primary Prototype / Visual Soul,primary visual north star,false
007,Primary Prototype / Visual Soul,primary visual north star,false
008,Primary Prototype / Visual Soul,primary visual north star,false
009,Primary Prototype / Visual Soul,primary visual north star,false
010,Primary Prototype / Visual Soul,primary visual north star,false
011,Primary Prototype / Visual Soul,primary visual north star,false
012,Primary Prototype / Visual Soul,primary visual north star,false
013,Primary Prototype / Visual Soul,primary visual north star,false
014,Primary Prototype / Visual Soul,primary visual north star,false
015,Primary Prototype / Visual Soul,primary visual north star,false
016,Primary Prototype / Visual Soul,primary visual north star,false
017,Primary Prototype / Visual Soul,primary visual north star,false
018,Primary Prototype / Visual Soul,primary visual north star,false
019,Primary Prototype / Visual Soul,primary visual north star,false
020,Primary Prototype / Visual Soul,primary visual north star,false
021,Primary Prototype / Visual Soul,primary visual north star,false
022,Primary Prototype / Visual Soul,primary visual north star,false
023,Primary Prototype / Visual Soul,primary visual north star,false
024,Primary Prototype / Visual Soul,primary visual north star,false
025,Primary Prototype / Visual Soul,primary visual north star,false
026,Primary Prototype / Visual Soul,primary visual north star,false
027,Primary Prototype / Visual Soul,primary visual north star,false
028,Primary Prototype / Visual Soul,primary visual north star,false
029,Primary Prototype / Visual Soul,primary visual north star,false
030,Primary Prototype / Visual Soul,primary visual north star,false
031,Primary Prototype / Visual Soul,primary visual north star,false
032,Primary Prototype / Visual Soul,primary visual north star,false
033,Primary Prototype / Visual Soul,primary visual north star,false
034,Primary Prototype / Visual Soul,primary visual north star,false
035,Primary Prototype / Visual Soul,primary visual north star,false
036,Primary Prototype / Visual Soul,primary visual north star,false
037,Primary Prototype / Visual Soul,primary visual north star,false
038,Primary Prototype / Visual Soul,primary visual north star,false
039,Primary Prototype / Visual Soul,primary visual north star,false
040,Primary Prototype / Visual Soul,primary visual north star,false
041,Primary Prototype / Visual Soul,primary visual north star,false
042,Primary Prototype / Visual Soul,primary visual north star,false
043,Primary Prototype / Visual Soul,primary visual north star,false
044,Primary Prototype / Visual Soul,primary visual north star,false
045,Primary Prototype / Visual Soul,primary visual north star,false
046,Immediate Next 100 / Product Expansion,product-depth expansion,false
047,Immediate Next 100 / Product Expansion,product-depth expansion,false
048,Immediate Next 100 / Product Expansion,product-depth expansion,false
049,Immediate Next 100 / Product Expansion,product-depth expansion,false
050,Immediate Next 100 / Product Expansion,product-depth expansion,false
051,Immediate Next 100 / Product Expansion,product-depth expansion,false
052,Immediate Next 100 / Product Expansion,product-depth expansion,false
053,Immediate Next 100 / Product Expansion,product-depth expansion,false
054,Immediate Next 100 / Product Expansion,product-depth expansion,false
055,Immediate Next 100 / Product Expansion,product-depth expansion,false
056,Immediate Next 100 / Product Expansion,product-depth expansion,false
057,Immediate Next 100 / Product Expansion,product-depth expansion,false
058,Immediate Next 100 / Product Expansion,product-depth expansion,false
059,Immediate Next 100 / Product Expansion,product-depth expansion,false
060,Immediate Next 100 / Product Expansion,product-depth expansion,false
061,Immediate Next 100 / Product Expansion,product-depth expansion,false
062,Immediate Next 100 / Product Expansion,product-depth expansion,false
063,Immediate Next 100 / Product Expansion,product-depth expansion,false
064,Immediate Next 100 / Product Expansion,product-depth expansion,false
065,Immediate Next 100 / Product Expansion,product-depth expansion,false
066,Immediate Next 100 / Product Expansion,product-depth expansion,false
067,Immediate Next 100 / Product Expansion,product-depth expansion,false
068,Immediate Next 100 / Product Expansion,product-depth expansion,false
069,Immediate Next 100 / Product Expansion,product-depth expansion,false
070,Immediate Next 100 / Product Expansion,product-depth expansion,false
071,Immediate Next 100 / Product Expansion,product-depth expansion,false
072,Immediate Next 100 / Product Expansion,product-depth expansion,false
073,Immediate Next 100 / Product Expansion,product-depth expansion,false
074,Immediate Next 100 / Product Expansion,product-depth expansion,false
075,Immediate Next 100 / Product Expansion,product-depth expansion,false
076,Immediate Next 100 / Product Expansion,product-depth expansion,false
077,Immediate Next 100 / Product Expansion,product-depth expansion,false
078,Immediate Next 100 / Product Expansion,product-depth expansion,false
079,Immediate Next 100 / Product Expansion,product-depth expansion,false
080,Immediate Next 100 / Product Expansion,product-depth expansion,false
081,Immediate Next 100 / Product Expansion,product-depth expansion,false
082,Immediate Next 100 / Product Expansion,product-depth expansion,false
083,Immediate Next 100 / Product Expansion,product-depth expansion,false
084,Immediate Next 100 / Product Expansion,product-depth expansion,false
085,Immediate Next 100 / Product Expansion,product-depth expansion,false
086,Immediate Next 100 / Product Expansion,product-depth expansion,false
087,Immediate Next 100 / Product Expansion,product-depth expansion,false
088,Immediate Next 100 / Product Expansion,product-depth expansion,false
089,Immediate Next 100 / Product Expansion,product-depth expansion,false
090,Immediate Next 100 / Product Expansion,product-depth expansion,false
091,Immediate Next 100 / Product Expansion,product-depth expansion,false
092,Immediate Next 100 / Product Expansion,product-depth expansion,false
093,Immediate Next 100 / Product Expansion,product-depth expansion,false
094,Immediate Next 100 / Product Expansion,product-depth expansion,false
095,Immediate Next 100 / Product Expansion,product-depth expansion,false
096,Immediate Next 100 / Product Expansion,product-depth expansion,false
097,Immediate Next 100 / Product Expansion,product-depth expansion,false
098,Immediate Next 100 / Product Expansion,product-depth expansion,false
099,Immediate Next 100 / Product Expansion,product-depth expansion,false
100,Immediate Next 100 / Product Expansion,product-depth expansion,false
101,Immediate Next 100 / Product Expansion,product-depth expansion,false
102,Immediate Next 100 / Product Expansion,product-depth expansion,false
103,Immediate Next 100 / Product Expansion,product-depth expansion,false
104,Immediate Next 100 / Product Expansion,product-depth expansion,false
105,Immediate Next 100 / Product Expansion,product-depth expansion,false
106,Immediate Next 100 / Product Expansion,product-depth expansion,false
107,Immediate Next 100 / Product Expansion,product-depth expansion,false
108,Immediate Next 100 / Product Expansion,product-depth expansion,false
109,Immediate Next 100 / Product Expansion,product-depth expansion,false
110,Immediate Next 100 / Product Expansion,product-depth expansion,false
111,Immediate Next 100 / Product Expansion,product-depth expansion,false
112,Immediate Next 100 / Product Expansion,product-depth expansion,false
113,Immediate Next 100 / Product Expansion,product-depth expansion,false
114,Immediate Next 100 / Product Expansion,product-depth expansion,false
115,Immediate Next 100 / Product Expansion,product-depth expansion,false
116,Immediate Next 100 / Product Expansion,product-depth expansion,false
117,Immediate Next 100 / Product Expansion,product-depth expansion,false
118,Immediate Next 100 / Product Expansion,product-depth expansion,false
119,Immediate Next 100 / Product Expansion,product-depth expansion,false
120,Immediate Next 100 / Product Expansion,product-depth expansion,false
121,Immediate Next 100 / Product Expansion,product-depth expansion,false
122,Immediate Next 100 / Product Expansion,product-depth expansion,false
123,Immediate Next 100 / Product Expansion,product-depth expansion,false
124,Immediate Next 100 / Product Expansion,product-depth expansion,false
125,Immediate Next 100 / Product Expansion,product-depth expansion,false
126,Immediate Next 100 / Product Expansion,product-depth expansion,false
127,Immediate Next 100 / Product Expansion,product-depth expansion,false
128,Immediate Next 100 / Product Expansion,product-depth expansion,false
129,Immediate Next 100 / Product Expansion,product-depth expansion,false
130,Immediate Next 100 / Product Expansion,product-depth expansion,false
131,Immediate Next 100 / Product Expansion,product-depth expansion,false
132,Immediate Next 100 / Product Expansion,product-depth expansion,false
133,Immediate Next 100 / Product Expansion,product-depth expansion,false
134,Immediate Next 100 / Product Expansion,product-depth expansion,false
135,Immediate Next 100 / Product Expansion,product-depth expansion,false
136,Immediate Next 100 / Product Expansion,product-depth expansion,false
137,Immediate Next 100 / Product Expansion,product-depth expansion,false
138,Immediate Next 100 / Product Expansion,product-depth expansion,false
139,Immediate Next 100 / Product Expansion,product-depth expansion,false
140,Immediate Next 100 / Product Expansion,product-depth expansion,false
141,Immediate Next 100 / Product Expansion,product-depth expansion,false
142,Immediate Next 100 / Product Expansion,product-depth expansion,false
143,Immediate Next 100 / Product Expansion,product-depth expansion,false
144,Immediate Next 100 / Product Expansion,product-depth expansion,false
145,Immediate Next 100 / Product Expansion,product-depth expansion,false
146,Newly Shared Next 150 / Deep Product Flows,active expanded product reference,false
147,Newly Shared Next 150 / Deep Product Flows,active expanded product reference,false
148,Newly Shared Next 150 / Deep Product Flows,active expanded product reference,false
149,Newly Shared Next 150 / Deep Product Flows,active expanded product reference,false
150,Newly Shared Next 150 / Deep Product Flows,active expanded product reference,false
151,Newly Shared Next 150 / Deep Product Flows,active expanded product reference,false
152,Newly Shared Next 150 / Deep Product Flows,active expanded product reference,false
153,Newly Shared Next 150 / Deep Product Flows,active expanded product reference,false
154,Newly Shared Next 150 / Deep Product Flows,active expanded product reference,false
155,Newly Shared Next 150 / Deep Product Flows,active expanded product reference,false
156,Newly Shared Next 150 / Deep Product Flows,active expanded product reference,false
157,Newly Shared Next 150 / Deep Product Flows,active expanded product reference,false
158,Newly Shared Next 150 / Deep Product Flows,active expanded product reference,false
159,Newly Shared Next 150 / Deep Product Flows,active expanded product reference,false
160,Newly Shared Next 150 / Deep Product Flows,active expanded product reference,false
161,Newly Shared Next 150 / Deep Product Flows,active expanded product reference,false
162,Newly Shared Next 150 / Deep Product Flows,active expanded product reference,false
163,Newly Shared Next 150 / Deep Product Flows,active expanded product reference,false
164,Newly Shared Next 150 / Deep Product Flows,active expanded product reference,false
165,Newly Shared Next 150 / Deep Product Flows,active expanded product reference,false
166,Newly Shared Next 150 / Deep Product Flows,active expanded product reference,false
167,Newly Shared Next 150 / Deep Product Flows,active expanded product reference,false
168,Newly Shared Next 150 / Deep Product Flows,active expanded product reference,false
169,Newly Shared Next 150 / Deep Product Flows,active expanded product reference,false
170,Newly Shared Next 150 / Deep Product Flows,active expanded product reference,false
171,Newly Shared Next 150 / Deep Product Flows,active expanded product reference,false
172,Newly Shared Next 150 / Deep Product Flows,active expanded product reference,false
173,Newly Shared Next 150 / Deep Product Flows,active expanded product reference,false
174,Newly Shared Next 150 / Deep Product Flows,active expanded product reference,false
175,Newly Shared Next 150 / Deep Product Flows,active expanded product reference,false
176,Newly Shared Next 150 / Deep Product Flows,active expanded product reference,false
177,Newly Shared Next 150 / Deep Product Flows,active expanded product reference,false
178,Newly Shared Next 150 / Deep Product Flows,active expanded product reference,false
179,Newly Shared Next 150 / Deep Product Flows,active expanded product reference,false
180,Newly Shared Next 150 / Deep Product Flows,active expanded product reference,false
181,Newly Shared Next 150 / Deep Product Flows,active expanded product reference,false
182,Newly Shared Next 150 / Deep Product Flows,active expanded product reference,false
183,Newly Shared Next 150 / Deep Product Flows,active expanded product reference,false
184,Newly Shared Next 150 / Deep Product Flows,active expanded product reference,false
185,Newly Shared Next 150 / Deep Product Flows,active expanded product reference,false
186,Newly Shared Next 150 / Deep Product Flows,active expanded product reference,false
187,Newly Shared Next 150 / Deep Product Flows,active expanded product reference,false
188,Newly Shared Next 150 / Deep Product Flows,active expanded product reference,false
189,Newly Shared Next 150 / Deep Product Flows,active expanded product reference,false
190,Newly Shared Next 150 / Deep Product Flows,active expanded product reference,false
191,Newly Shared Next 150 / Deep Product Flows,active expanded product reference,false
192,Newly Shared Next 150 / Deep Product Flows,active expanded product reference,false
193,Newly Shared Next 150 / Deep Product Flows,active expanded product reference,false
194,Newly Shared Next 150 / Deep Product Flows,active expanded product reference,false
195,Newly Shared Next 150 / Deep Product Flows,active expanded product reference,false
196,Newly Shared Next 150 / Deep Product Flows,active expanded product reference,false
197,Newly Shared Next 150 / Deep Product Flows,active expanded product reference,false
198,Newly Shared Next 150 / Deep Product Flows,active expanded product reference,false
199,Newly Shared Next 150 / Deep Product Flows,active expanded product reference,false
200,Newly Shared Next 150 / Deep Product Flows,active expanded product reference,false
201,Newly Shared Next 150 / Deep Product Flows,active expanded product reference,false
202,Newly Shared Next 150 / Deep Product Flows,active expanded product reference,false
203,Newly Shared Next 150 / Deep Product Flows,active expanded product reference,false
204,Newly Shared Next 150 / Deep Product Flows,active expanded product reference,false
205,Newly Shared Next 150 / Deep Product Flows,active expanded product reference,false
206,Newly Shared Next 150 / Deep Product Flows,active expanded product reference,false
207,Newly Shared Next 150 / Deep Product Flows,active expanded product reference,false
208,Newly Shared Next 150 / Deep Product Flows,active expanded product reference,false
209,Newly Shared Next 150 / Deep Product Flows,active expanded product reference,false
210,Newly Shared Next 150 / Deep Product Flows,active expanded product reference,false
211,Newly Shared Next 150 / Deep Product Flows,active expanded product reference,false
212,Newly Shared Next 150 / Deep Product Flows,active expanded product reference,false
213,Newly Shared Next 150 / Deep Product Flows,active expanded product reference,false
214,Newly Shared Next 150 / Deep Product Flows,active expanded product reference,false
215,Newly Shared Next 150 / Deep Product Flows,active expanded product reference,false
216,Newly Shared Next 150 / Deep Product Flows,active expanded product reference,false
217,Newly Shared Next 150 / Deep Product Flows,active expanded product reference,false
218,Newly Shared Next 150 / Deep Product Flows,active expanded product reference,false
219,Newly Shared Next 150 / Deep Product Flows,active expanded product reference,false
220,Newly Shared Next 150 / Deep Product Flows,active expanded product reference,false
221,Newly Shared Next 150 / Deep Product Flows,active expanded product reference,false
222,Newly Shared Next 150 / Deep Product Flows,active expanded product reference,false
223,Newly Shared Next 150 / Deep Product Flows,active expanded product reference,false
224,Newly Shared Next 150 / Deep Product Flows,active expanded product reference,false
225,Newly Shared Next 150 / Deep Product Flows,active expanded product reference,false
226,Newly Shared Next 150 / Deep Product Flows,active expanded product reference,false
227,Newly Shared Next 150 / Deep Product Flows,active expanded product reference,false
228,Newly Shared Next 150 / Deep Product Flows,active expanded product reference,false
229,Newly Shared Next 150 / Deep Product Flows,active expanded product reference,false
230,Newly Shared Next 150 / Deep Product Flows,active expanded product reference,false
231,Newly Shared Next 150 / Deep Product Flows,active expanded product reference,false
232,Newly Shared Next 150 / Deep Product Flows,active expanded product reference,false
233,Newly Shared Next 150 / Deep Product Flows,active expanded product reference,false
234,Newly Shared Next 150 / Deep Product Flows,active expanded product reference,false
235,Newly Shared Next 150 / Deep Product Flows,active expanded product reference,false
236,Newly Shared Next 150 / Deep Product Flows,active expanded product reference,false
237,Newly Shared Next 150 / Deep Product Flows,active expanded product reference,false
238,Newly Shared Next 150 / Deep Product Flows,active expanded product reference,false
239,Newly Shared Next 150 / Deep Product Flows,active expanded product reference,false
240,Newly Shared Next 150 / Deep Product Flows,active expanded product reference,false
241,Newly Shared Next 150 / Deep Product Flows,active expanded product reference,false
242,Newly Shared Next 150 / Deep Product Flows,active expanded product reference,false
243,Newly Shared Next 150 / Deep Product Flows,active expanded product reference,false
244,Newly Shared Next 150 / Deep Product Flows,active expanded product reference,false
245,Newly Shared Next 150 / Deep Product Flows,active expanded product reference,false
246,Newly Shared Next 150 / Deep Product Flows,active expanded product reference,false
247,Newly Shared Next 150 / Deep Product Flows,active expanded product reference,false
248,Newly Shared Next 150 / Deep Product Flows,active expanded product reference,false
249,Newly Shared Next 150 / Deep Product Flows,active expanded product reference,false
250,Newly Shared Next 150 / Deep Product Flows,active expanded product reference,false
251,Newly Shared Next 150 / Deep Product Flows,active expanded product reference,false
252,Newly Shared Next 150 / Deep Product Flows,active expanded product reference,false
253,Newly Shared Next 150 / Deep Product Flows,active expanded product reference,false
254,Newly Shared Next 150 / Deep Product Flows,active expanded product reference,false
255,Newly Shared Next 150 / Deep Product Flows,active expanded product reference,false
256,Newly Shared Next 150 / Deep Product Flows,active expanded product reference,false
257,Newly Shared Next 150 / Deep Product Flows,active expanded product reference,false
258,Newly Shared Next 150 / Deep Product Flows,active expanded product reference,false
259,Newly Shared Next 150 / Deep Product Flows,active expanded product reference,false
260,Newly Shared Next 150 / Deep Product Flows,active expanded product reference,false
261,Newly Shared Next 150 / Deep Product Flows,active expanded product reference,false
262,Newly Shared Next 150 / Deep Product Flows,active expanded product reference,false
263,Newly Shared Next 150 / Deep Product Flows,active expanded product reference,false
264,Newly Shared Next 150 / Deep Product Flows,active expanded product reference,false
265,Newly Shared Next 150 / Deep Product Flows,active expanded product reference,false
266,Newly Shared Next 150 / Deep Product Flows,active expanded product reference,false
267,Newly Shared Next 150 / Deep Product Flows,active expanded product reference,false
268,Newly Shared Next 150 / Deep Product Flows,active expanded product reference,false
269,Newly Shared Next 150 / Deep Product Flows,active expanded product reference,false
270,Newly Shared Next 150 / Deep Product Flows,active expanded product reference,false
271,Newly Shared Next 150 / Deep Product Flows,active expanded product reference,false
272,Newly Shared Next 150 / Deep Product Flows,active expanded product reference,false
273,Newly Shared Next 150 / Deep Product Flows,active expanded product reference,false
274,Newly Shared Next 150 / Deep Product Flows,active expanded product reference,false
275,Newly Shared Next 150 / Deep Product Flows,active expanded product reference,false
276,Newly Shared Next 150 / Deep Product Flows,active expanded product reference,false
277,Newly Shared Next 150 / Deep Product Flows,active expanded product reference,false
278,Newly Shared Next 150 / Deep Product Flows,active expanded product reference,false
279,Newly Shared Next 150 / Deep Product Flows,active expanded product reference,false
280,Newly Shared Next 150 / Deep Product Flows,active expanded product reference,false
281,Newly Shared Next 150 / Deep Product Flows,active expanded product reference,false
282,Newly Shared Next 150 / Deep Product Flows,active expanded product reference,false
283,Newly Shared Next 150 / Deep Product Flows,active expanded product reference,false
284,Newly Shared Next 150 / Deep Product Flows,active expanded product reference,false
285,Newly Shared Next 150 / Deep Product Flows,active expanded product reference,false
286,Newly Shared Next 150 / Deep Product Flows,active expanded product reference,false
287,Newly Shared Next 150 / Deep Product Flows,active expanded product reference,false
288,Newly Shared Next 150 / Deep Product Flows,active expanded product reference,false
289,Newly Shared Next 150 / Deep Product Flows,active expanded product reference,false
290,Newly Shared Next 150 / Deep Product Flows,active expanded product reference,false
291,Newly Shared Next 150 / Deep Product Flows,active expanded product reference,false
292,Newly Shared Next 150 / Deep Product Flows,active expanded product reference,false
293,Newly Shared Next 150 / Deep Product Flows,active expanded product reference,false
294,Newly Shared Next 150 / Deep Product Flows,active expanded product reference,false
295,Newly Shared Next 150 / Deep Product Flows,active expanded product reference,false
296,Missing Screens Pack / Implementation Depth,implementation depth and edge states,false
297,Missing Screens Pack / Implementation Depth,implementation depth and edge states,false
298,Missing Screens Pack / Implementation Depth,implementation depth and edge states,false
299,Missing Screens Pack / Implementation Depth,implementation depth and edge states,false
300,Missing Screens Pack / Implementation Depth,implementation depth and edge states,false
301,Missing Screens Pack / Implementation Depth,implementation depth and edge states,false
302,Missing Screens Pack / Implementation Depth,implementation depth and edge states,false
303,Missing Screens Pack / Implementation Depth,implementation depth and edge states,false
304,Missing Screens Pack / Implementation Depth,implementation depth and edge states,false
305,Missing Screens Pack / Implementation Depth,implementation depth and edge states,false
306,Missing Screens Pack / Implementation Depth,implementation depth and edge states,false
307,Missing Screens Pack / Implementation Depth,implementation depth and edge states,false
308,Missing Screens Pack / Implementation Depth,implementation depth and edge states,false
309,Missing Screens Pack / Implementation Depth,implementation depth and edge states,false
310,Missing Screens Pack / Implementation Depth,implementation depth and edge states,false
311,Missing Screens Pack / Implementation Depth,implementation depth and edge states,false
312,Missing Screens Pack / Implementation Depth,implementation depth and edge states,false
313,Missing Screens Pack / Implementation Depth,implementation depth and edge states,false
314,Missing Screens Pack / Implementation Depth,implementation depth and edge states,false
315,Missing Screens Pack / Implementation Depth,implementation depth and edge states,false
316,Missing Screens Pack / Implementation Depth,implementation depth and edge states,false
317,Missing Screens Pack / Implementation Depth,implementation depth and edge states,false
318,Missing Screens Pack / Implementation Depth,implementation depth and edge states,false
319,Missing Screens Pack / Implementation Depth,implementation depth and edge states,false
320,Missing Screens Pack / Implementation Depth,implementation depth and edge states,false
321,Missing Screens Pack / Implementation Depth,implementation depth and edge states,false
322,Missing Screens Pack / Implementation Depth,implementation depth and edge states,false
323,Missing Screens Pack / Implementation Depth,implementation depth and edge states,false
324,Missing Screens Pack / Implementation Depth,implementation depth and edge states,false
325,Missing Screens Pack / Implementation Depth,implementation depth and edge states,false
326,Missing Screens Pack / Implementation Depth,implementation depth and edge states,false
327,Missing Screens Pack / Implementation Depth,implementation depth and edge states,false
328,Missing Screens Pack / Implementation Depth,implementation depth and edge states,false
329,Missing Screens Pack / Implementation Depth,implementation depth and edge states,false
330,Missing Screens Pack / Implementation Depth,implementation depth and edge states,false
331,Missing Screens Pack / Implementation Depth,implementation depth and edge states,false
332,Missing Screens Pack / Implementation Depth,implementation depth and edge states,false
333,Missing Screens Pack / Implementation Depth,implementation depth and edge states,false
334,Missing Screens Pack / Implementation Depth,implementation depth and edge states,false
335,Missing Screens Pack / Implementation Depth,implementation depth and edge states,false
336,Missing Screens Pack / Implementation Depth,implementation depth and edge states,false
337,Missing Screens Pack / Implementation Depth,implementation depth and edge states,false
338,Missing Screens Pack / Implementation Depth,implementation depth and edge states,false
339,Missing Screens Pack / Implementation Depth,implementation depth and edge states,false
340,Missing Screens Pack / Implementation Depth,implementation depth and edge states,false
341,Missing Screens Pack / Implementation Depth,implementation depth and edge states,false
342,Missing Screens Pack / Implementation Depth,implementation depth and edge states,false
343,Missing Screens Pack / Implementation Depth,implementation depth and edge states,false
344,Missing Screens Pack / Implementation Depth,implementation depth and edge states,false
345,Missing Screens Pack / Implementation Depth,implementation depth and edge states,false
346,Missing Screens Pack / Implementation Depth,implementation depth and edge states,false
347,Missing Screens Pack / Implementation Depth,implementation depth and edge states,false
348,Missing Screens Pack / Implementation Depth,implementation depth and edge states,false
349,Missing Screens Pack / Implementation Depth,implementation depth and edge states,false
350,Missing Screens Pack / Implementation Depth,implementation depth and edge states,false
351,Missing Screens Pack / Implementation Depth,implementation depth and edge states,false
352,Missing Screens Pack / Implementation Depth,implementation depth and edge states,false
353,Missing Screens Pack / Implementation Depth,implementation depth and edge states,false
354,Missing Screens Pack / Implementation Depth,implementation depth and edge states,false
355,Missing Screens Pack / Implementation Depth,implementation depth and edge states,false
356,Missing Screens Pack / Implementation Depth,implementation depth and edge states,false
357,Missing Screens Pack / Implementation Depth,implementation depth and edge states,false
358,Missing Screens Pack / Implementation Depth,implementation depth and edge states,false
359,Missing Screens Pack / Implementation Depth,implementation depth and edge states,false
360,Missing Screens Pack / Implementation Depth,implementation depth and edge states,false
361,Missing Screens Pack / Implementation Depth,implementation depth and edge states,false
362,Missing Screens Pack / Implementation Depth,implementation depth and edge states,false
363,Missing Screens Pack / Implementation Depth,implementation depth and edge states,false
364,Missing Screens Pack / Implementation Depth,implementation depth and edge states,false
365,Missing Screens Pack / Implementation Depth,implementation depth and edge states,false
366,Missing Screens Pack / Implementation Depth,implementation depth and edge states,false
367,Missing Screens Pack / Implementation Depth,implementation depth and edge states,false
368,Missing Screens Pack / Implementation Depth,implementation depth and edge states,false
369,Missing Screens Pack / Implementation Depth,implementation depth and edge states,false
370,Missing Screens Pack / Implementation Depth,implementation depth and edge states,false
371,Missing Screens Pack / Implementation Depth,implementation depth and edge states,false
372,Missing Screens Pack / Implementation Depth,implementation depth and edge states,false
373,Missing Screens Pack / Implementation Depth,implementation depth and edge states,false
374,Missing Screens Pack / Implementation Depth,implementation depth and edge states,false
375,Missing Screens Pack / Implementation Depth,implementation depth and edge states,false
376,Missing Screens Pack / Implementation Depth,implementation depth and edge states,false
377,Missing Screens Pack / Implementation Depth,implementation depth and edge states,false
378,Missing Screens Pack / Implementation Depth,implementation depth and edge states,false
379,Missing Screens Pack / Implementation Depth,implementation depth and edge states,false
380,Missing Screens Pack / Implementation Depth,implementation depth and edge states,false
381,Missing Screens Pack / Implementation Depth,implementation depth and edge states,false
382,Missing Screens Pack / Implementation Depth,implementation depth and edge states,false
383,Missing Screens Pack / Implementation Depth,implementation depth and edge states,false
384,Missing Screens Pack / Implementation Depth,implementation depth and edge states,false
385,Missing Screens Pack / Implementation Depth,implementation depth and edge states,false
386,Missing Screens Pack / Implementation Depth,implementation depth and edge states,false
387,Missing Screens Pack / Implementation Depth,implementation depth and edge states,false
388,Missing Screens Pack / Implementation Depth,implementation depth and edge states,false
389,Missing Screens Pack / Implementation Depth,implementation depth and edge states,false
390,Missing Screens Pack / Implementation Depth,implementation depth and edge states,false
391,Missing Screens Pack / Implementation Depth,implementation depth and edge states,false
392,Missing Screens Pack / Implementation Depth,implementation depth and edge states,false
393,Missing Screens Pack / Implementation Depth,implementation depth and edge states,false
394,Missing Screens Pack / Implementation Depth,implementation depth and edge states,false
395,Missing Screens Pack / Implementation Depth,implementation depth and edge states,false
396,Missing Screens Pack / Implementation Depth,implementation depth and edge states,false
397,Missing Screens Pack / Implementation Depth,implementation depth and edge states,false
398,Missing Screens Pack / Implementation Depth,implementation depth and edge states,false
399,Missing Screens Pack / Implementation Depth,implementation depth and edge states,false
400,Missing Screens Pack / Implementation Depth,implementation depth and edge states,false
401,Missing Screens Pack / Implementation Depth,implementation depth and edge states,false
402,Missing Screens Pack / Implementation Depth,implementation depth and edge states,false
403,Missing Screens Pack / Implementation Depth,implementation depth and edge states,false
404,Missing Screens Pack / Implementation Depth,implementation depth and edge states,false
405,Missing Screens Pack / Implementation Depth,implementation depth and edge states,false
406,Missing Screens Pack / Implementation Depth,implementation depth and edge states,true
407,Missing Screens Pack / Implementation Depth,implementation depth and edge states,true
408,Missing Screens Pack / Implementation Depth,implementation depth and edge states,true
409,Missing Screens Pack / Implementation Depth,implementation depth and edge states,true
410,Missing Screens Pack / Implementation Depth,implementation depth and edge states,true
411,Missing Screens Pack / Implementation Depth,implementation depth and edge states,true
412,Missing Screens Pack / Implementation Depth,implementation depth and edge states,true
413,Missing Screens Pack / Implementation Depth,implementation depth and edge states,true
414,Missing Screens Pack / Implementation Depth,implementation depth and edge states,true
415,Missing Screens Pack / Implementation Depth,implementation depth and edge states,true
416,Missing Screens Pack / Implementation Depth,implementation depth and edge states,true
417,Missing Screens Pack / Implementation Depth,implementation depth and edge states,true
418,Missing Screens Pack / Implementation Depth,implementation depth and edge states,true
419,Missing Screens Pack / Implementation Depth,implementation depth and edge states,true
420,Missing Screens Pack / Implementation Depth,implementation depth and edge states,true
421,Missing Screens Pack / Implementation Depth,implementation depth and edge states,true
422,Missing Screens Pack / Implementation Depth,implementation depth and edge states,true
423,Missing Screens Pack / Implementation Depth,implementation depth and edge states,true
424,Luvlu + Motion + Micro-State Pack,luvlu motion micro-state governance reference,false
425,Luvlu + Motion + Micro-State Pack,luvlu motion micro-state governance reference,false
426,Luvlu + Motion + Micro-State Pack,luvlu motion micro-state governance reference,false
427,Luvlu + Motion + Micro-State Pack,luvlu motion micro-state governance reference,false
428,Luvlu + Motion + Micro-State Pack,luvlu motion micro-state governance reference,false
429,Luvlu + Motion + Micro-State Pack,luvlu motion micro-state governance reference,false
430,Luvlu + Motion + Micro-State Pack,luvlu motion micro-state governance reference,false
431,Luvlu + Motion + Micro-State Pack,luvlu motion micro-state governance reference,false
432,Luvlu + Motion + Micro-State Pack,luvlu motion micro-state governance reference,false
433,Luvlu + Motion + Micro-State Pack,luvlu motion micro-state governance reference,false
434,Luvlu + Motion + Micro-State Pack,luvlu motion micro-state governance reference,false
435,Luvlu + Motion + Micro-State Pack,luvlu motion micro-state governance reference,false
436,Luvlu + Motion + Micro-State Pack,luvlu motion micro-state governance reference,false
437,Luvlu + Motion + Micro-State Pack,luvlu motion micro-state governance reference,false
438,Luvlu + Motion + Micro-State Pack,luvlu motion micro-state governance reference,false
439,Luvlu + Motion + Micro-State Pack,luvlu motion micro-state governance reference,false
440,Luvlu + Motion + Micro-State Pack,luvlu motion micro-state governance reference,false
441,Luvlu + Motion + Micro-State Pack,luvlu motion micro-state governance reference,false
442,Luvlu + Motion + Micro-State Pack,luvlu motion micro-state governance reference,false
443,Luvlu + Motion + Micro-State Pack,luvlu motion micro-state governance reference,false
444,Luvlu + Motion + Micro-State Pack,luvlu motion micro-state governance reference,false
445,Luvlu + Motion + Micro-State Pack,luvlu motion micro-state governance reference,false
446,Luvlu + Motion + Micro-State Pack,luvlu motion micro-state governance reference,false
447,Luvlu + Motion + Micro-State Pack,luvlu motion micro-state governance reference,false
448,Luvlu + Motion + Micro-State Pack,luvlu motion micro-state governance reference,false
449,Luvlu + Motion + Micro-State Pack,luvlu motion micro-state governance reference,false
450,Luvlu + Motion + Micro-State Pack,luvlu motion micro-state governance reference,false
451,Luvlu + Motion + Micro-State Pack,luvlu motion micro-state governance reference,false
452,Luvlu + Motion + Micro-State Pack,luvlu motion micro-state governance reference,false
453,Luvlu + Motion + Micro-State Pack,luvlu motion micro-state governance reference,false
454,Luvlu + Motion + Micro-State Pack,luvlu motion micro-state governance reference,false
455,Luvlu + Motion + Micro-State Pack,luvlu motion micro-state governance reference,false
456,Luvlu + Motion + Micro-State Pack,luvlu motion micro-state governance reference,false
457,Luvlu + Motion + Micro-State Pack,luvlu motion micro-state governance reference,false
458,Luvlu + Motion + Micro-State Pack,luvlu motion micro-state governance reference,false
459,Luvlu + Motion + Micro-State Pack,luvlu motion micro-state governance reference,false
460,Luvlu + Motion + Micro-State Pack,luvlu motion micro-state governance reference,false
461,Luvlu + Motion + Micro-State Pack,luvlu motion micro-state governance reference,false
462,Luvlu + Motion + Micro-State Pack,luvlu motion micro-state governance reference,false
463,Luvlu + Motion + Micro-State Pack,luvlu motion micro-state governance reference,false
464,Luvlu + Motion + Micro-State Pack,luvlu motion micro-state governance reference,false
465,Luvlu + Motion + Micro-State Pack,luvlu motion micro-state governance reference,false
466,Luvlu + Motion + Micro-State Pack,luvlu motion micro-state governance reference,false
467,Luvlu + Motion + Micro-State Pack,luvlu motion micro-state governance reference,false
468,Luvlu + Motion + Micro-State Pack,luvlu motion micro-state governance reference,false
469,Luvlu + Motion + Micro-State Pack,luvlu motion micro-state governance reference,false
470,Luvlu + Motion + Micro-State Pack,luvlu motion micro-state governance reference,false
471,Luvlu + Motion + Micro-State Pack,luvlu motion micro-state governance reference,false
472,Luvlu + Motion + Micro-State Pack,luvlu motion micro-state governance reference,false
473,Luvlu + Motion + Micro-State Pack,luvlu motion micro-state governance reference,false
474,Luvlu + Motion + Micro-State Pack,luvlu motion micro-state governance reference,false
475,Luvlu + Motion + Micro-State Pack,luvlu motion micro-state governance reference,false
476,Luvlu + Motion + Micro-State Pack,luvlu motion micro-state governance reference,false
477,Luvlu + Motion + Micro-State Pack,luvlu motion micro-state governance reference,false
478,Luvlu + Motion + Micro-State Pack,luvlu motion micro-state governance reference,false
479,Luvlu + Motion + Micro-State Pack,luvlu motion micro-state governance reference,false
480,Luvlu + Motion + Micro-State Pack,luvlu motion micro-state governance reference,false
481,Luvlu + Motion + Micro-State Pack,luvlu motion micro-state governance reference,false
482,Luvlu + Motion + Micro-State Pack,luvlu motion micro-state governance reference,true
483,Luvlu + Motion + Micro-State Pack,luvlu motion micro-state governance reference,true
484,Luvlu + Motion + Micro-State Pack,luvlu motion micro-state governance reference,true
485,Luvlu + Motion + Micro-State Pack,luvlu motion micro-state governance reference,true
486,Luvlu + Motion + Micro-State Pack,luvlu motion micro-state governance reference,true
487,Luvlu + Motion + Micro-State Pack,luvlu motion micro-state governance reference,true
